{
  "0.jpg": 0.22923193327699534,
  "1.jpg": 0.32947240863790356,
  "2.jpg": 0.323397999364201,
  "3.jpg": 0.30108576986627944,
  "4.jpg": 0.3148778103754718,
  "5.jpg": 0.30692462265762926,
  "6.jpg": 0.2790134347582696,
  "7.jpg": 0.2875061977466484,
  "8.jpg": 0.3066763194016827,
  "9.jpg": 0.29093839120652476,
  "10.jpg": 0.32011923447342583,
  "11.jpg": 0.2857455377806992,
  "12.jpg": 0.28045173602703605,
  "13.jpg": 0.3022148517248145,
  "14.jpg": 0.2857455377806992,
  "15.jpg": 0.2857455377806992,
  "16.jpg": 0.25564492527793553,
  "17.jpg": 0.289393878373775,
  "18.jpg": 0.29566951310588996,
  "19.jpg": 0.3025557044632256,
  "20.jpg": 0.3165692536124036,
  "21.jpg": 0.3501235726418676,
  "22.jpg": 0.3587706702705722,
  "23.jpg": 0.39148398004114854,
  "24.jpg": 0.23141097468013827,
  "25.jpg": 0.19173310621350803,
  "26.jpg": 0.19850053177586122,
  "27.jpg": 0.270648698886313,
  "28.jpg": 0.348771003583907,
  "29.jpg": 0.22540285082206107,
  "30.jpg": -0.006756653935785246,
  "31.jpg": -0.2739781647316109,
  "32.jpg": -0.32380393960102827,
  "33.jpg": -0.25132778416084034,
  "34.jpg": 0.014597503211060183,
  "35.jpg": -0.007042137108312186,
  "36.jpg": 0.007042137108312186,
  "37.jpg": -0.24166192570370795,
  "38.jpg": -0.24497866312686414,
  "39.jpg": -0.37385753891905726,
  "40.jpg": -0.2523179808864272,
  "41.jpg": 0.04612111601451121,
  "42.jpg": 0.07612380322052727,
  "43.jpg": 0.10985011884713056,
  "44.jpg": 0.2754261036960353,
  "45.jpg": 0.46968983154150684,
  "46.jpg": 0.3037344858425869,
  "47.jpg": 0.12345652219194042,
  "48.jpg": 0.254895693380967,
  "49.jpg": 0.3636685902874557,
  "50.jpg": 0.22734380712800387,
  "51.jpg": -0.03621604207241159,
  "52.jpg": 0.014387496388925664,
  "56.jpg": -0.9061197464000326,
  "58.jpg": -0.8748597288230687,
  "59.jpg": -0.8748597288230687,
  "61.jpg": -0.681298225287849,
  "67.jpg": -0.3587706702705722,
  "69.jpg": 0.17722538494971943,
  "83.jpg": -0.12083697915707219,
  "88.jpg": 0.18049576046203536,
  "91.jpg": 0.3177183181855488,
  "98.jpg": -0.5271459435864096,
  "101.jpg": -0.9263491444901191,
  "103.jpg": -1.2108806188568098,
  "105.jpg": -1.2646424278942285,
  "108.jpg": -1.2524587284297926,
  "109.jpg": -1.0952798389478315,
  "110.jpg": -1.0020016061597674,
  "115.jpg": -0.6116574964905122,
  "135.jpg": -0.8863199480647421,
  "136.jpg": -0.9523089535257069,
  "138.jpg": -0.9613377888499761,
  "139.jpg": -0.8847484459534899,
  "140.jpg": -0.8574382287842761,
  "142.jpg": -0.7360087037036322,
  "146.jpg": -0.34038193864190697,
  "147.jpg": -0.2901820979088641,
  "148.jpg": -0.46080670755262937,
  "149.jpg": -0.5824879535685713,
  "150.jpg": -0.5899557260640463,
  "151.jpg": -0.6458848945044989,
  "152.jpg": -0.6413643599084533,
  "156.jpg": 0.6371720793770825,
  "165.jpg": 0.17921574477690247,
  "166.jpg": 0.23661765394849257,
  "167.jpg": 0.13818649649439782,
  "168.jpg": 0.23342802172396238,
  "169.jpg": 0.31968016398016025,
  "170.jpg": 0.27642524695476545,
  "171.jpg": 0.23032173232245376,
  "172.jpg": 0.2810877558698993,
  "173.jpg": 0.2587708919636976,
  "174.jpg": 0.30522313379392135,
  "175.jpg": 0.6560790618055671,
  "176.jpg": 0.9505468408120751,
  "177.jpg": 1.1220729827841756,
  "178.jpg": 1.2558599769785435,
  "187.jpg": 1.01180112865333,
  "189.jpg": 0.6954773743621957,
  "194.jpg": -0.4379298077957854,
  "206.jpg": -0.38738384776859647,
  "213.jpg": -0.13203976161463876,
  "214.jpg": -0.3001711708301121,
  "215.jpg": -0.5954098754787326,
  "216.jpg": -0.667579023496618,
  "217.jpg": -0.7343476676364384,
  "218.jpg": -0.8461341815447387,
  "219.jpg": -1.0468769791096977,
  "226.jpg": 0.018016068554055346,
  "227.jpg": 0.18586394582193286,
  "234.jpg": -0.23236671924680777,
  "243.jpg": -0.03621604207241159,
  "259.jpg": -0.8406922950510791,
  "263.jpg": -0.8473876045919684,
  "264.jpg": -0.8960553845713439,
  "267.jpg": -0.3268266529299407,
  "268.jpg": 0.5485494024505281,
  "269.jpg": 1.0044412207391593,
  "270.jpg": 1.0854985578103808,
  "271.jpg": 1.14660191889113,
  "272.jpg": 1.1143818647052497,
  "273.jpg": 1.1182183763241975,
  "274.jpg": 0.9934174935338476,
  "276.jpg": -0.07074786775360759,
  "280.jpg": -0.5442804849459799,
  "287.jpg": -0.6756711745133721,
  "292.jpg": -0.5343954767544137,
  "294.jpg": -0.43587697240738504,
  "295.jpg": -0.3460372761128569,
  "300.jpg": -0.19864399865196167,
  "301.jpg": -0.2408464552414116,
  "302.jpg": -0.3129012278803845,
  "303.jpg": -0.41174621054263316,
  "304.jpg": -0.37001358277707663,
  "305.jpg": -0.4689667077723219,
  "306.jpg": -0.2610286491810302,
  "307.jpg": -0.061565931737933566,
  "308.jpg": 0.08314123188844122,
  "309.jpg": 0.07504676359644052,
  "310.jpg": 0.1234007963630764,
  "314.jpg": 0.012986282920172485,
  "315.jpg": -0.10379234045704283,
  "316.jpg": -0.10487693873023389,
  "318.jpg": -0.019734279921609248,
  "331.jpg": -0.4497596130698391,
  "336.jpg": -0.32691401969540074,
  "342.jpg": -0.2876524650051419,
  "343.jpg": -0.19739555984988078,
  "344.jpg": -0.2854029333776215,
  "345.jpg": -0.27666833908189503,
  "348.jpg": -0.18575313635925825,
  "354.jpg": -0.032456131229019344,
  "355.jpg": 0.31450430441674504,
  "356.jpg": 0.6597831947169343,
  "357.jpg": 1.0524281198204755,
  "358.jpg": 1.1651799029554895,
  "359.jpg": 1.24639325872525,
  "360.jpg": 1.1883097542509642,
  "361.jpg": 1.186047550891781,
  "362.jpg": 1.1623988581140423,
  "363.jpg": 0.9573362612211932,
  "364.jpg": 0.7413091059993765,
  "365.jpg": 0.647047193220323,
  "366.jpg": 0.4692655274257615,
  "367.jpg": 0.12768000307467514,
  "368.jpg": -0.1521483264331748,
  "369.jpg": -0.26677753517717595,
  "370.jpg": -0.30031134464472525,
  "371.jpg": -0.11942892601833845,
  "372.jpg": -0.08257045569471701,
  "373.jpg": -0.11065722117389563,
  "374.jpg": -0.3055576378791204,
  "375.jpg": -0.1464841783935612,
  "376.jpg": -0.4978223326170012,
  "377.jpg": -0.5146785341412341,
  "378.jpg": -0.5494895463289766,
  "379.jpg": -0.45747484789602516,
  "380.jpg": -0.572193644007994,
  "381.jpg": -0.541567605391845,
  "382.jpg": -0.40218665311804014,
  "383.jpg": -0.2979969235962215,
  "384.jpg": -0.4104064362640797,
  "385.jpg": -0.6312900468320218,
  "386.jpg": -0.376640416990796,
  "387.jpg": -0.27728339919236883,
  "388.jpg": -0.2551823906208184,
  "389.jpg": -0.1676424378312157,
  "390.jpg": -0.28438477659385886,
  "391.jpg": -0.4048917862850834,
  "392.jpg": -0.009090658665059816,
  "393.jpg": 1.0303768265243125,
  "394.jpg": 1.061966721996737,
  "395.jpg": 1.1830893540599852,
  "396.jpg": 1.2940822901395745,
  "397.jpg": 1.256380604183217,
  "398.jpg": 1.3572358933144084,
  "399.jpg": 1.323233690090877,
  "400.jpg": 1.174042225881177,
  "401.jpg": 1.0030185252446613,
  "402.jpg": 0.639650036689011,
  "403.jpg": 0.10985011884713056,
  "404.jpg": -0.015871682991790047,
  "405.jpg": -0.3241486313344718,
  "406.jpg": -0.3960814415643074,
  "407.jpg": -0.40391807675834224,
  "408.jpg": -0.46997663841700793,
  "409.jpg": -0.4444192099010989,
  "410.jpg": -0.5897756513349794,
  "411.jpg": -0.4328450295872714,
  "412.jpg": -0.44994983562794033,
  "413.jpg": -0.43327021606391036,
  "414.jpg": -0.0809040991552306,
  "415.jpg": -0.13003137634169143,
  "416.jpg": -0.0789721077413922,
  "417.jpg": -0.33667481938672716,
  "418.jpg": -0.7100692725691082,
  "419.jpg": -0.7548399931199489,
  "420.jpg": -0.6924464543880318,
  "421.jpg": -0.640783724177508,
  "422.jpg": -0.50789914473367,
  "423.jpg": -0.10727885564840275,
  "424.jpg": -0.17123873610543772,
  "425.jpg": -0.06608012086679271,
  "426.jpg": 0.14581092894411435,
  "427.jpg": 0.118645431793701,
  "438.jpg": 0.3587706702705722,
  "439.jpg": 0.3637106442005475,
  "440.jpg": 0.2343245761522308,
  "441.jpg": 0.21008881321908357,
  "442.jpg": -0.10238051025009887,
  "443.jpg": -0.4875157545444996,
  "444.jpg": -0.6662469380106828,
  "445.jpg": -0.7118468729089086,
  "446.jpg": -0.7372040000070917,
  "447.jpg": -0.7179331388755436,
  "448.jpg": -0.676199730393714,
  "449.jpg": -0.5998441552962834,